{"train_loss": 0.15190622210502625, "_timestamp": 1677795078.490339, "_runtime": 95.81600403785706, "_step": 687, "test_loss": 0.0977933332324028, "_wandb": {"runtime": 95}}