{"train_loss": 0.2696967124938965, "_timestamp": 1677797585.554262, "_runtime": 11.880928993225098, "_step": 69, "test_loss": 0.20522332191467285, "_wandb": {"runtime": 11}}