{"train_loss": 0.1407686173915863, "_timestamp": 1677793456.711946, "_runtime": 12.288063049316406, "_step": 69, "test_loss": 0.10471859574317932, "_wandb": {"runtime": 11}}