{"train_loss": 0.1342548131942749, "_timestamp": 1677793667.036201, "_runtime": 11.756062984466553, "_step": 69, "test_loss": 0.10646763443946838, "_wandb": {"runtime": 11}}