{"train_loss": 0.05057743564248085, "_timestamp": 1677796655.7164538, "_runtime": 1450.0399708747864, "_step": 10450, "test_loss": 0.03977000340819359}