{"train_loss": 0.05767706409096718, "_timestamp": 1677798549.335753, "_runtime": 946.5115580558777, "_step": 6874, "test_loss": 0.039360787719488144, "_wandb": {"runtime": 945}}