{"train_loss": 0.26766255497932434, "_timestamp": 1677794242.574146, "_runtime": 11.97108006477356, "_step": 69, "test_loss": 0.20595593750476837, "_wandb": {"runtime": 11}}