{"train_loss": 0.14280550181865692, "_timestamp": 1677712053.082937, "_runtime": 14.801583051681519, "_step": 69, "test_loss": 0.10370387881994247, "_wandb": {"runtime": 14}}