{"train_loss": 0.265858918428421, "_timestamp": 1677794655.589248, "_runtime": 11.651288032531738, "_step": 69, "test_loss": 0.2114759236574173, "_wandb": {"runtime": 11}}