{"train_loss": 0.13689595460891724, "_timestamp": 1677793624.998544, "_runtime": 11.8035728931427, "_step": 69, "test_loss": 0.10518830269575119, "_wandb": {"runtime": 11}}