{"train_loss": 0.1439119428396225, "_timestamp": 1677793721.197015, "_runtime": 12.857280969619751, "_step": 69, "test_loss": 0.11231178045272827, "_wandb": {"runtime": 11}}