{"train_loss": 0.14152061939239502, "_timestamp": 1677794041.603016, "_runtime": 11.93658185005188, "_step": 69, "test_loss": 0.11578333377838135, "_wandb": {"runtime": 11}}